{"name": "46452_s00", "axispos": [[0.10350760817527771, 0.9999992847442627, 0.8459562063217163], [0.5059728026390076, 0.5273149013519287, 0.476841539144516]], "axisdir": [[0.0, 1.0, 0.0], [0.0, 0.0, 1.0]], "partnum": 3, "movepart": [0, 2, 0], "idmap": {"0": 0, "2": 1}, "refpart": 1, "type": [0, 1], "valid": [1, 1]}